-- Dummy data for the ITS room-loan database.
-- PostgreSQL compatible and ordered to satisfy all foreign-key constraints.

BEGIN;

-- 40 department master rows.
INSERT INTO Departemen (id_departemen, nama, fakultas) VALUES
    ('DEP001', 'Fisika', 'FSAD'),
    ('DEP002', 'Matematika', 'FSAD'),
    ('DEP003', 'Statistika', 'FSAD'),
    ('DEP004', 'Kimia', 'FSAD'),
    ('DEP005', 'Biologi', 'FSAD'),
    ('DEP006', 'Aktuaria', 'FSAD'),
    ('DEP007', 'Teknik Mesin', 'FTIRS'),
    ('DEP008', 'Teknik Kimia', 'FTIRS'),
    ('DEP009', 'Teknik Fisika', 'FTIRS'),
    ('DEP010', 'Teknik Industri', 'FTIRS'),
    ('DEP011', 'Teknik Material', 'FTIRS'),
    ('DEP012', 'Rekayasa Keselamatan Proses', 'FTIRS'),
    ('DEP013', 'Teknik Elektro', 'FTEIC'),
    ('DEP014', 'Teknik Biomedik', 'FTEIC'),
    ('DEP015', 'Teknik Komputer', 'FTEIC'),
    ('DEP016', 'Informatika', 'FTEIC'),
    ('DEP017', 'Sistem Informasi', 'FTEIC'),
    ('DEP018', 'Teknologi Informasi', 'FTEIC'),
    ('DEP019', 'Teknik Sipil', 'FTSPK'),
    ('DEP020', 'Arsitektur', 'FTSPK'),
    ('DEP021', 'Teknik Lingkungan', 'FTSPK'),
    ('DEP022', 'Perencanaan Wilayah Kota', 'FTSPK'),
    ('DEP023', 'Teknik Geomatika', 'FTSPK'),
    ('DEP024', 'Teknik Geofisika', 'FTSPK'),
    ('DEP025', 'Teknik Perkapalan', 'FTK'),
    ('DEP026', 'Teknik Sistem Perkapalan', 'FTK'),
    ('DEP027', 'Teknik Kelautan', 'FTK'),
    ('DEP028', 'Teknik Transportasi Laut', 'FTK'),
    ('DEP029', 'Desain Produk', 'FDKBD'),
    ('DEP030', 'Desain Interior', 'FDKBD'),
    ('DEP031', 'Desain Komunikasi Visual', 'FDKBD'),
    ('DEP032', 'Manajemen Bisnis', 'FDKBD'),
    ('DEP033', 'Studi Pembangunan', 'FDKBD'),
    ('DEP034', 'Teknologi Rekayasa Kimia', 'Vokasi'),
    ('DEP035', 'Teknologi Rekayasa Instrumen', 'Vokasi'),
    ('DEP036', 'Statistika Bisnis', 'Vokasi'),
    ('DEP037', 'Teknologi Rekayasa Sipil', 'Vokasi'),
    ('DEP038', 'Teknologi Rekayasa Mesin', 'Vokasi'),
    ('DEP039', 'Teknologi Rekayasa Otomasi', 'Vokasi'),
    ('DEP040', 'Sains Analitik Data', 'FSAD');

-- 40 facility master rows.
INSERT INTO Fasilitas (id_fasilitas, nama) VALUES
    ('F00001', 'Proyektor LCD'),
    ('F00002', 'Layar Proyektor'),
    ('F00003', 'Papan Tulis'),
    ('F00004', 'Pendingin Ruangan'),
    ('F00005', 'Meja Dosen'),
    ('F00006', 'Kursi Kuliah'),
    ('F00007', 'Komputer Dosen'),
    ('F00008', 'Sistem Audio'),
    ('F00009', 'Mikrofon Nirkabel'),
    ('F00010', 'Kamera Konferensi'),
    ('F00011', 'Akses WiFi'),
    ('F00012', 'Stopkontak Meja'),
    ('F00013', 'Lampu Darurat'),
    ('F00014', 'APAR'),
    ('F00015', 'Kotak P3K'),
    ('F00016', 'Jam Dinding'),
    ('F00017', 'Tirai Jendela'),
    ('F00018', 'Mimbar'),
    ('F00019', 'Televisi LED'),
    ('F00020', 'Papan Informasi'),
    ('F00021', 'Video Wall'),
    ('F00022', 'Pemindai Dokumen'),
    ('F00023', 'Printer'),
    ('F00024', 'Mesin Fotokopi'),
    ('F00025', 'Meja Rapat'),
    ('F00026', 'Kursi Rapat'),
    ('F00027', 'Dispenser Air'),
    ('F00028', 'Lemari Penyimpanan'),
    ('F00029', 'Rak Buku'),
    ('F00030', 'Panel Akustik'),
    ('F00031', 'Penguat Sinyal'),
    ('F00032', 'Pencatat Kehadiran'),
    ('F00033', 'Peta Evakuasi'),
    ('F00034', 'Lampu Presentasi'),
    ('F00035', 'Kabel HDMI'),
    ('F00036', 'Adaptor Presentasi'),
    ('F00037', 'Meja Diskusi'),
    ('F00038', 'Kursi Diskusi'),
    ('F00039', 'Penyaring Udara'),
    ('F00040', 'Sistem Kontrol Akses');

-- 40 student master rows.
INSERT INTO Mahasiswa (nrp, nama, prodi, email) VALUES
    ('5025241001', 'Aditya Pratama', 'Fisika', 'aditya.pratama@its.ac.id'),
    ('5025241002', 'Aulia Rahma', 'Matematika', 'aulia.rahma@its.ac.id'),
    ('5025241003', 'Bagas Saputra', 'Statistika', 'bagas.saputra@its.ac.id'),
    ('5025241004', 'Citra Lestari', 'Kimia', 'citra.lestari@its.ac.id'),
    ('5025241005', 'Daffa Ramadhan', 'Biologi', 'daffa.ramadhan@its.ac.id'),
    ('5025241006', 'Dinda Maharani', 'Aktuaria', 'dinda.maharani@its.ac.id'),
    ('5025241007', 'Eka Firmansyah', 'Teknik Mesin', 'eka.firmansyah@its.ac.id'),
    ('5025241008', 'Farah Nabila', 'Teknik Kimia', 'farah.nabila@its.ac.id'),
    ('5025241009', 'Fikri Hidayat', 'Teknik Fisika', 'fikri.hidayat@its.ac.id'),
    ('5025241010', 'Gita Permata', 'Teknik Industri', 'gita.permata@its.ac.id'),
    ('5025241011', 'Hafiz Maulana', 'Teknik Material', 'hafiz.maulana@its.ac.id'),
    ('5025241012', 'Indah Puspita', 'Rekayasa Keselamatan Proses', 'indah.puspita@its.ac.id'),
    ('5025241013', 'Jovan Kurniawan', 'Teknik Elektro', 'jovan.kurniawan@its.ac.id'),
    ('5025241014', 'Kayla Anindita', 'Teknik Biomedik', 'kayla.anindita@its.ac.id'),
    ('5025241015', 'Luthfi Akbar', 'Teknik Komputer', 'luthfi.akbar@its.ac.id'),
    ('5025241016', 'Maya Salsabila', 'Informatika', 'maya.salsabila@its.ac.id'),
    ('5025241017', 'Naufal Ardiansyah', 'Sistem Informasi', 'naufal.ardiansyah@its.ac.id'),
    ('5025241018', 'Nadia Oktaviani', 'Teknologi Informasi', 'nadia.oktaviani@its.ac.id'),
    ('5025241019', 'Oki Setiawan', 'Teknik Sipil', 'oki.setiawan@its.ac.id'),
    ('5025241020', 'Putri Amelia', 'Arsitektur', 'putri.amelia@its.ac.id'),
    ('5025241021', 'Qori Azzahra', 'Teknik Lingkungan', 'qori.azzahra@its.ac.id'),
    ('5025241022', 'Raka Mahendra', 'Perencanaan Wilayah Kota', 'raka.mahendra@its.ac.id'),
    ('5025241023', 'Salma Khairunnisa', 'Teknik Geomatika', 'salma.khairunnisa@its.ac.id'),
    ('5025241024', 'Tegar Pamungkas', 'Teknik Geofisika', 'tegar.pamungkas@its.ac.id'),
    ('5025241025', 'Umar Fadillah', 'Teknik Perkapalan', 'umar.fadillah@its.ac.id'),
    ('5025241026', 'Vania Kusuma', 'Teknik Sistem Perkapalan', 'vania.kusuma@its.ac.id'),
    ('5025241027', 'Wahyu Nugroho', 'Teknik Kelautan', 'wahyu.nugroho@its.ac.id'),
    ('5025241028', 'Yasmin Safitri', 'Teknik Transportasi Laut', 'yasmin.safitri@its.ac.id'),
    ('5025241029', 'Zaki Mubarak', 'Desain Produk', 'zaki.mubarak@its.ac.id'),
    ('5025241030', 'Alika Putri', 'Desain Interior', 'alika.putri@its.ac.id'),
    ('5025241031', 'Bima Arya', 'Desain Komunikasi Visual', 'bima.arya@its.ac.id'),
    ('5025241032', 'Cantika Dewi', 'Manajemen Bisnis', 'cantika.dewi@its.ac.id'),
    ('5025241033', 'Damar Wicaksono', 'Studi Pembangunan', 'damar.wicaksono@its.ac.id'),
    ('5025241034', 'Elina Kartika', 'Teknologi Rekayasa Kimia', 'elina.kartika@its.ac.id'),
    ('5025241035', 'Fauzan Alamsyah', 'Teknologi Rekayasa Instrumen', 'fauzan.alamsyah@its.ac.id'),
    ('5025241036', 'Galuh Larasati', 'Statistika Bisnis', 'galuh.larasati@its.ac.id'),
    ('5025241037', 'Hanif Rizqullah', 'Teknologi Rekayasa Sipil', 'hanif.rizqullah@its.ac.id'),
    ('5025241038', 'Intan Nuraini', 'Teknologi Rekayasa Mesin', 'intan.nuraini@its.ac.id'),
    ('5025241039', 'Jihan Aulia', 'Teknologi Rekayasa Otomasi', 'jihan.aulia@its.ac.id'),
    ('5025241040', 'Kevin Jonathan', 'Sains Analitik Data', 'kevin.jonathan@its.ac.id');

-- Valid room-loan workflow statuses.
INSERT INTO StatusPeminjaman (id_statuspeminjaman, status) VALUES
    ('ST0001', 'Diajukan'),
    ('ST0002', 'Disetujui'),
    ('ST0003', 'Ditolak'),
    ('ST0004', 'Selesai'),
    ('ST0005', 'Dibatalkan');

-- 40 room master rows.
INSERT INTO Ruangan (
    id_ruangan,
    nama_ruangan,
    lokasi,
    kapasitas,
    status,
    Departemen_id_departemen
) VALUES
    ('RNG00001', 'Ruang Sidang Fisika', 'Gedung F Lantai 2', 30, TRUE, 'DEP001'),
    ('RNG00002', 'Ruang Seminar Matematika', 'Gedung F Lantai 3', 60, TRUE, 'DEP002'),
    ('RNG00003', 'Laboratorium Statistika', 'Gedung F Lantai 4', 35, TRUE, 'DEP003'),
    ('RNG00004', 'Ruang Rapat Kimia', 'Gedung C Lantai 2', 24, TRUE, 'DEP004'),
    ('RNG00005', 'Ruang Diskusi Biologi', 'Gedung H Lantai 1', 20, TRUE, 'DEP005'),
    ('RNG00006', 'Kelas Aktuaria A', 'Gedung F Lantai 5', 45, TRUE, 'DEP006'),
    ('RNG00007', 'Ruang Seminar Mesin', 'Gedung Teknik Mesin Lantai 2', 80, TRUE, 'DEP007'),
    ('RNG00008', 'Ruang Sidang Teknik Kimia', 'Gedung Teknik Kimia Lantai 3', 40, TRUE, 'DEP008'),
    ('RNG00009', 'Auditorium Teknik Fisika', 'Gedung Teknik Fisika Lantai 2', 120, TRUE, 'DEP009'),
    ('RNG00010', 'Ruang Rapat Teknik Industri', 'Gedung Teknik Industri Lantai 2', 30, TRUE, 'DEP010'),
    ('RNG00011', 'Kelas Material A', 'Gedung Material Lantai 1', 50, TRUE, 'DEP011'),
    ('RNG00012', 'Ruang K3 Proses', 'Gedung RKP Lantai 2', 35, FALSE, 'DEP012'),
    ('RNG00013', 'Ruang Seminar Elektro', 'Gedung B Lantai 2', 100, TRUE, 'DEP013'),
    ('RNG00014', 'Laboratorium Biomedik', 'Gedung B Lantai 3', 30, TRUE, 'DEP014'),
    ('RNG00015', 'Ruang Kelas Komputer', 'Gedung B Lantai 4', 45, TRUE, 'DEP015'),
    ('RNG00016', 'Aula Informatika', 'Gedung Informatika Lantai 2', 150, TRUE, 'DEP016'),
    ('RNG00017', 'Ruang Sidang Sistem Informasi', 'Gedung Sistem Informasi Lantai 2', 50, TRUE, 'DEP017'),
    ('RNG00018', 'Ruang Kolaborasi TI', 'Gedung Teknologi Informasi Lantai 3', 40, TRUE, 'DEP018'),
    ('RNG00019', 'Ruang Seminar Sipil', 'Gedung Teknik Sipil Lantai 3', 90, TRUE, 'DEP019'),
    ('RNG00020', 'Studio Arsitektur A', 'Gedung Arsitektur Lantai 2', 40, TRUE, 'DEP020'),
    ('RNG00021', 'Ruang Sidang Lingkungan', 'Gedung Teknik Lingkungan Lantai 2', 35, TRUE, 'DEP021'),
    ('RNG00022', 'Studio PWK A', 'Gedung PWK Lantai 2', 45, TRUE, 'DEP022'),
    ('RNG00023', 'Laboratorium Geomatika', 'Gedung Geomatika Lantai 1', 30, TRUE, 'DEP023'),
    ('RNG00024', 'Ruang Seminar Geofisika', 'Gedung Geofisika Lantai 2', 55, TRUE, 'DEP024'),
    ('RNG00025', 'Aula Teknik Perkapalan', 'Gedung Teknik Perkapalan Lantai 2', 110, TRUE, 'DEP025'),
    ('RNG00026', 'Ruang SPS', 'Gedung Sistem Perkapalan Lantai 2', 40, TRUE, 'DEP026'),
    ('RNG00027', 'Ruang Sidang Kelautan', 'Gedung Teknik Kelautan Lantai 3', 45, TRUE, 'DEP027'),
    ('RNG00028', 'Ruang Seminar Transportasi', 'Gedung Transportasi Laut Lantai 2', 60, TRUE, 'DEP028'),
    ('RNG00029', 'Studio Desain Produk', 'Gedung Desain Lantai 2', 35, TRUE, 'DEP029'),
    ('RNG00030', 'Studio Desain Interior', 'Gedung Desain Lantai 3', 35, TRUE, 'DEP030'),
    ('RNG00031', 'Studio DKV A', 'Gedung Desain Lantai 4', 40, TRUE, 'DEP031'),
    ('RNG00032', 'Ruang Bisnis Digital', 'Gedung Manajemen Bisnis Lantai 2', 50, TRUE, 'DEP032'),
    ('RNG00033', 'Ruang Kajian Pembangunan', 'Gedung Studi Pembangunan Lantai 2', 30, TRUE, 'DEP033'),
    ('RNG00034', 'Lab Rekayasa Kimia', 'Gedung Vokasi Lantai 1', 30, TRUE, 'DEP034'),
    ('RNG00035', 'Lab Instrumentasi', 'Gedung Vokasi Lantai 2', 28, TRUE, 'DEP035'),
    ('RNG00036', 'Ruang Statistika Bisnis', 'Gedung Vokasi Lantai 3', 45, TRUE, 'DEP036'),
    ('RNG00037', 'Studio Rekayasa Sipil', 'Gedung Vokasi Lantai 4', 36, TRUE, 'DEP037'),
    ('RNG00038', 'Bengkel Rekayasa Mesin', 'Gedung Vokasi Lantai 1', 32, FALSE, 'DEP038'),
    ('RNG00039', 'Lab Rekayasa Otomasi', 'Gedung Vokasi Lantai 2', 30, TRUE, 'DEP039'),
    ('RNG00040', 'Ruang Analitik Data', 'Gedung F Lantai 6', 50, TRUE, 'DEP040');

-- Three hardcoded facilities per room, for 120 unique relationships.
INSERT INTO Fasilitas_Ruangan (
    Fasilitas_id_fasilitas,
    Ruangan_id_ruangan
) VALUES
    ('F00001', 'RNG00001'),
    ('F00008', 'RNG00001'),
    ('F00015', 'RNG00001'),
    ('F00002', 'RNG00002'),
    ('F00009', 'RNG00002'),
    ('F00016', 'RNG00002'),
    ('F00003', 'RNG00003'),
    ('F00010', 'RNG00003'),
    ('F00017', 'RNG00003'),
    ('F00004', 'RNG00004'),
    ('F00011', 'RNG00004'),
    ('F00018', 'RNG00004'),
    ('F00005', 'RNG00005'),
    ('F00012', 'RNG00005'),
    ('F00019', 'RNG00005'),
    ('F00006', 'RNG00006'),
    ('F00013', 'RNG00006'),
    ('F00020', 'RNG00006'),
    ('F00007', 'RNG00007'),
    ('F00014', 'RNG00007'),
    ('F00021', 'RNG00007'),
    ('F00008', 'RNG00008'),
    ('F00015', 'RNG00008'),
    ('F00022', 'RNG00008'),
    ('F00009', 'RNG00009'),
    ('F00016', 'RNG00009'),
    ('F00023', 'RNG00009'),
    ('F00010', 'RNG00010'),
    ('F00017', 'RNG00010'),
    ('F00024', 'RNG00010'),
    ('F00011', 'RNG00011'),
    ('F00018', 'RNG00011'),
    ('F00025', 'RNG00011'),
    ('F00012', 'RNG00012'),
    ('F00019', 'RNG00012'),
    ('F00026', 'RNG00012'),
    ('F00013', 'RNG00013'),
    ('F00020', 'RNG00013'),
    ('F00027', 'RNG00013'),
    ('F00014', 'RNG00014'),
    ('F00021', 'RNG00014'),
    ('F00028', 'RNG00014'),
    ('F00015', 'RNG00015'),
    ('F00022', 'RNG00015'),
    ('F00029', 'RNG00015'),
    ('F00016', 'RNG00016'),
    ('F00023', 'RNG00016'),
    ('F00030', 'RNG00016'),
    ('F00017', 'RNG00017'),
    ('F00024', 'RNG00017'),
    ('F00031', 'RNG00017'),
    ('F00018', 'RNG00018'),
    ('F00025', 'RNG00018'),
    ('F00032', 'RNG00018'),
    ('F00019', 'RNG00019'),
    ('F00026', 'RNG00019'),
    ('F00033', 'RNG00019'),
    ('F00020', 'RNG00020'),
    ('F00027', 'RNG00020'),
    ('F00034', 'RNG00020'),
    ('F00021', 'RNG00021'),
    ('F00028', 'RNG00021'),
    ('F00035', 'RNG00021'),
    ('F00022', 'RNG00022'),
    ('F00029', 'RNG00022'),
    ('F00036', 'RNG00022'),
    ('F00023', 'RNG00023'),
    ('F00030', 'RNG00023'),
    ('F00037', 'RNG00023'),
    ('F00024', 'RNG00024'),
    ('F00031', 'RNG00024'),
    ('F00038', 'RNG00024'),
    ('F00025', 'RNG00025'),
    ('F00032', 'RNG00025'),
    ('F00039', 'RNG00025'),
    ('F00026', 'RNG00026'),
    ('F00033', 'RNG00026'),
    ('F00040', 'RNG00026'),
    ('F00027', 'RNG00027'),
    ('F00034', 'RNG00027'),
    ('F00001', 'RNG00027'),
    ('F00028', 'RNG00028'),
    ('F00035', 'RNG00028'),
    ('F00002', 'RNG00028'),
    ('F00029', 'RNG00029'),
    ('F00036', 'RNG00029'),
    ('F00003', 'RNG00029'),
    ('F00030', 'RNG00030'),
    ('F00037', 'RNG00030'),
    ('F00004', 'RNG00030'),
    ('F00031', 'RNG00031'),
    ('F00038', 'RNG00031'),
    ('F00005', 'RNG00031'),
    ('F00032', 'RNG00032'),
    ('F00039', 'RNG00032'),
    ('F00006', 'RNG00032'),
    ('F00033', 'RNG00033'),
    ('F00040', 'RNG00033'),
    ('F00007', 'RNG00033'),
    ('F00034', 'RNG00034'),
    ('F00001', 'RNG00034'),
    ('F00008', 'RNG00034'),
    ('F00035', 'RNG00035'),
    ('F00002', 'RNG00035'),
    ('F00009', 'RNG00035'),
    ('F00036', 'RNG00036'),
    ('F00003', 'RNG00036'),
    ('F00010', 'RNG00036'),
    ('F00037', 'RNG00037'),
    ('F00004', 'RNG00037'),
    ('F00011', 'RNG00037'),
    ('F00038', 'RNG00038'),
    ('F00005', 'RNG00038'),
    ('F00012', 'RNG00038'),
    ('F00039', 'RNG00039'),
    ('F00006', 'RNG00039'),
    ('F00013', 'RNG00039'),
    ('F00040', 'RNG00040'),
    ('F00007', 'RNG00040'),
    ('F00014', 'RNG00040');

-- 100 hardcoded transaction rows for PM0001 through PM0100.
INSERT INTO Peminjaman (
    id_peminjaman,
    tanggal_pengajuan,
    detail_waktu_mulai,
    detail_waktu_selesai,
    keperluan,
    Mahasiswa_nrp,
    StatusPeminjaman_id_statuspeminjaman
) VALUES
    ('PM0001', DATE '2026-01-05', TIMESTAMP '2026-01-08 07:00:00', TIMESTAMP '2026-01-08 09:00:00', 'Rapat organisasi mahasiswa', '5025241001', 'ST0004'),
    ('PM0002', DATE '2026-01-06', TIMESTAMP '2026-01-09 09:00:00', TIMESTAMP '2026-01-09 11:00:00', 'Pelatihan perangkat lunak', '5025241002', 'ST0004'),
    ('PM0003', DATE '2026-01-07', TIMESTAMP '2026-01-10 11:00:00', TIMESTAMP '2026-01-10 13:00:00', 'Diskusi tugas akhir', '5025241003', 'ST0002'),
    ('PM0004', DATE '2026-01-08', TIMESTAMP '2026-01-11 13:00:00', TIMESTAMP '2026-01-11 15:00:00', 'Seminar akademik', '5025241004', 'ST0004'),
    ('PM0005', DATE '2026-01-09', TIMESTAMP '2026-01-12 15:00:00', TIMESTAMP '2026-01-12 17:00:00', 'Kelas pengayaan', '5025241005', 'ST0003'),
    ('PM0006', DATE '2026-01-10', TIMESTAMP '2026-01-13 07:00:00', TIMESTAMP '2026-01-13 09:00:00', 'Persiapan lomba mahasiswa', '5025241006', 'ST0004'),
    ('PM0007', DATE '2026-01-11', TIMESTAMP '2026-01-14 09:00:00', TIMESTAMP '2026-01-14 11:00:00', 'Lokakarya kepemimpinan', '5025241007', 'ST0002'),
    ('PM0008', DATE '2026-01-12', TIMESTAMP '2026-01-15 11:00:00', TIMESTAMP '2026-01-15 13:00:00', 'Presentasi proyek', '5025241008', 'ST0005'),
    ('PM0009', DATE '2026-01-13', TIMESTAMP '2026-01-16 13:00:00', TIMESTAMP '2026-01-16 15:00:00', 'Rapat kepanitiaan', '5025241009', 'ST0004'),
    ('PM0010', DATE '2026-01-14', TIMESTAMP '2026-01-17 15:00:00', TIMESTAMP '2026-01-17 17:00:00', 'Kuliah tamu', '5025241010', 'ST0001'),
    ('PM0011', DATE '2026-01-15', TIMESTAMP '2026-01-18 07:00:00', TIMESTAMP '2026-01-18 09:00:00', 'Rapat organisasi mahasiswa', '5025241011', 'ST0004'),
    ('PM0012', DATE '2026-01-16', TIMESTAMP '2026-01-19 09:00:00', TIMESTAMP '2026-01-19 11:00:00', 'Pelatihan perangkat lunak', '5025241012', 'ST0004'),
    ('PM0013', DATE '2026-01-17', TIMESTAMP '2026-01-20 11:00:00', TIMESTAMP '2026-01-20 13:00:00', 'Diskusi tugas akhir', '5025241013', 'ST0002'),
    ('PM0014', DATE '2026-01-18', TIMESTAMP '2026-01-21 13:00:00', TIMESTAMP '2026-01-21 15:00:00', 'Seminar akademik', '5025241014', 'ST0004'),
    ('PM0015', DATE '2026-01-19', TIMESTAMP '2026-01-22 15:00:00', TIMESTAMP '2026-01-22 17:00:00', 'Kelas pengayaan', '5025241015', 'ST0003'),
    ('PM0016', DATE '2026-01-20', TIMESTAMP '2026-01-23 07:00:00', TIMESTAMP '2026-01-23 09:00:00', 'Persiapan lomba mahasiswa', '5025241016', 'ST0004'),
    ('PM0017', DATE '2026-01-21', TIMESTAMP '2026-01-24 09:00:00', TIMESTAMP '2026-01-24 11:00:00', 'Lokakarya kepemimpinan', '5025241017', 'ST0002'),
    ('PM0018', DATE '2026-01-22', TIMESTAMP '2026-01-25 11:00:00', TIMESTAMP '2026-01-25 13:00:00', 'Presentasi proyek', '5025241018', 'ST0005'),
    ('PM0019', DATE '2026-01-23', TIMESTAMP '2026-01-26 13:00:00', TIMESTAMP '2026-01-26 15:00:00', 'Rapat kepanitiaan', '5025241019', 'ST0004'),
    ('PM0020', DATE '2026-01-24', TIMESTAMP '2026-01-27 15:00:00', TIMESTAMP '2026-01-27 17:00:00', 'Kuliah tamu', '5025241020', 'ST0001'),
    ('PM0021', DATE '2026-01-25', TIMESTAMP '2026-01-28 07:00:00', TIMESTAMP '2026-01-28 09:00:00', 'Rapat organisasi mahasiswa', '5025241021', 'ST0004'),
    ('PM0022', DATE '2026-01-26', TIMESTAMP '2026-01-29 09:00:00', TIMESTAMP '2026-01-29 11:00:00', 'Pelatihan perangkat lunak', '5025241022', 'ST0004'),
    ('PM0023', DATE '2026-01-27', TIMESTAMP '2026-01-30 11:00:00', TIMESTAMP '2026-01-30 13:00:00', 'Diskusi tugas akhir', '5025241023', 'ST0002'),
    ('PM0024', DATE '2026-01-28', TIMESTAMP '2026-01-31 13:00:00', TIMESTAMP '2026-01-31 15:00:00', 'Seminar akademik', '5025241024', 'ST0004'),
    ('PM0025', DATE '2026-01-29', TIMESTAMP '2026-02-01 15:00:00', TIMESTAMP '2026-02-01 17:00:00', 'Kelas pengayaan', '5025241025', 'ST0003'),
    ('PM0026', DATE '2026-01-30', TIMESTAMP '2026-02-02 07:00:00', TIMESTAMP '2026-02-02 09:00:00', 'Persiapan lomba mahasiswa', '5025241026', 'ST0004'),
    ('PM0027', DATE '2026-01-31', TIMESTAMP '2026-02-03 09:00:00', TIMESTAMP '2026-02-03 11:00:00', 'Lokakarya kepemimpinan', '5025241027', 'ST0002'),
    ('PM0028', DATE '2026-02-01', TIMESTAMP '2026-02-04 11:00:00', TIMESTAMP '2026-02-04 13:00:00', 'Presentasi proyek', '5025241028', 'ST0005'),
    ('PM0029', DATE '2026-02-02', TIMESTAMP '2026-02-05 13:00:00', TIMESTAMP '2026-02-05 15:00:00', 'Rapat kepanitiaan', '5025241029', 'ST0004'),
    ('PM0030', DATE '2026-02-03', TIMESTAMP '2026-02-06 15:00:00', TIMESTAMP '2026-02-06 17:00:00', 'Kuliah tamu', '5025241030', 'ST0001'),
    ('PM0031', DATE '2026-02-04', TIMESTAMP '2026-02-07 07:00:00', TIMESTAMP '2026-02-07 09:00:00', 'Rapat organisasi mahasiswa', '5025241031', 'ST0004'),
    ('PM0032', DATE '2026-02-05', TIMESTAMP '2026-02-08 09:00:00', TIMESTAMP '2026-02-08 11:00:00', 'Pelatihan perangkat lunak', '5025241032', 'ST0004'),
    ('PM0033', DATE '2026-02-06', TIMESTAMP '2026-02-09 11:00:00', TIMESTAMP '2026-02-09 13:00:00', 'Diskusi tugas akhir', '5025241033', 'ST0002'),
    ('PM0034', DATE '2026-02-07', TIMESTAMP '2026-02-10 13:00:00', TIMESTAMP '2026-02-10 15:00:00', 'Seminar akademik', '5025241034', 'ST0004'),
    ('PM0035', DATE '2026-02-08', TIMESTAMP '2026-02-11 15:00:00', TIMESTAMP '2026-02-11 17:00:00', 'Kelas pengayaan', '5025241035', 'ST0003'),
    ('PM0036', DATE '2026-02-09', TIMESTAMP '2026-02-12 07:00:00', TIMESTAMP '2026-02-12 09:00:00', 'Persiapan lomba mahasiswa', '5025241036', 'ST0004'),
    ('PM0037', DATE '2026-02-10', TIMESTAMP '2026-02-13 09:00:00', TIMESTAMP '2026-02-13 11:00:00', 'Lokakarya kepemimpinan', '5025241037', 'ST0002'),
    ('PM0038', DATE '2026-02-11', TIMESTAMP '2026-02-14 11:00:00', TIMESTAMP '2026-02-14 13:00:00', 'Presentasi proyek', '5025241038', 'ST0005'),
    ('PM0039', DATE '2026-02-12', TIMESTAMP '2026-02-15 13:00:00', TIMESTAMP '2026-02-15 15:00:00', 'Rapat kepanitiaan', '5025241039', 'ST0004'),
    ('PM0040', DATE '2026-02-13', TIMESTAMP '2026-02-16 15:00:00', TIMESTAMP '2026-02-16 17:00:00', 'Kuliah tamu', '5025241040', 'ST0001'),
    ('PM0041', DATE '2026-02-14', TIMESTAMP '2026-02-17 07:00:00', TIMESTAMP '2026-02-17 09:00:00', 'Rapat organisasi mahasiswa', '5025241001', 'ST0004'),
    ('PM0042', DATE '2026-02-15', TIMESTAMP '2026-02-18 09:00:00', TIMESTAMP '2026-02-18 11:00:00', 'Pelatihan perangkat lunak', '5025241002', 'ST0004'),
    ('PM0043', DATE '2026-02-16', TIMESTAMP '2026-02-19 11:00:00', TIMESTAMP '2026-02-19 13:00:00', 'Diskusi tugas akhir', '5025241003', 'ST0002'),
    ('PM0044', DATE '2026-02-17', TIMESTAMP '2026-02-20 13:00:00', TIMESTAMP '2026-02-20 15:00:00', 'Seminar akademik', '5025241004', 'ST0004'),
    ('PM0045', DATE '2026-02-18', TIMESTAMP '2026-02-21 15:00:00', TIMESTAMP '2026-02-21 17:00:00', 'Kelas pengayaan', '5025241005', 'ST0003'),
    ('PM0046', DATE '2026-02-19', TIMESTAMP '2026-02-22 07:00:00', TIMESTAMP '2026-02-22 09:00:00', 'Persiapan lomba mahasiswa', '5025241006', 'ST0004'),
    ('PM0047', DATE '2026-02-20', TIMESTAMP '2026-02-23 09:00:00', TIMESTAMP '2026-02-23 11:00:00', 'Lokakarya kepemimpinan', '5025241007', 'ST0002'),
    ('PM0048', DATE '2026-02-21', TIMESTAMP '2026-02-24 11:00:00', TIMESTAMP '2026-02-24 13:00:00', 'Presentasi proyek', '5025241008', 'ST0005'),
    ('PM0049', DATE '2026-02-22', TIMESTAMP '2026-02-25 13:00:00', TIMESTAMP '2026-02-25 15:00:00', 'Rapat kepanitiaan', '5025241009', 'ST0004'),
    ('PM0050', DATE '2026-02-23', TIMESTAMP '2026-02-26 15:00:00', TIMESTAMP '2026-02-26 17:00:00', 'Kuliah tamu', '5025241010', 'ST0001'),
    ('PM0051', DATE '2026-02-24', TIMESTAMP '2026-02-27 07:00:00', TIMESTAMP '2026-02-27 09:00:00', 'Rapat organisasi mahasiswa', '5025241011', 'ST0004'),
    ('PM0052', DATE '2026-02-25', TIMESTAMP '2026-02-28 09:00:00', TIMESTAMP '2026-02-28 11:00:00', 'Pelatihan perangkat lunak', '5025241012', 'ST0004'),
    ('PM0053', DATE '2026-02-26', TIMESTAMP '2026-03-01 11:00:00', TIMESTAMP '2026-03-01 13:00:00', 'Diskusi tugas akhir', '5025241013', 'ST0002'),
    ('PM0054', DATE '2026-02-27', TIMESTAMP '2026-03-02 13:00:00', TIMESTAMP '2026-03-02 15:00:00', 'Seminar akademik', '5025241014', 'ST0004'),
    ('PM0055', DATE '2026-02-28', TIMESTAMP '2026-03-03 15:00:00', TIMESTAMP '2026-03-03 17:00:00', 'Kelas pengayaan', '5025241015', 'ST0003'),
    ('PM0056', DATE '2026-03-01', TIMESTAMP '2026-03-04 07:00:00', TIMESTAMP '2026-03-04 09:00:00', 'Persiapan lomba mahasiswa', '5025241016', 'ST0004'),
    ('PM0057', DATE '2026-03-02', TIMESTAMP '2026-03-05 09:00:00', TIMESTAMP '2026-03-05 11:00:00', 'Lokakarya kepemimpinan', '5025241017', 'ST0002'),
    ('PM0058', DATE '2026-03-03', TIMESTAMP '2026-03-06 11:00:00', TIMESTAMP '2026-03-06 13:00:00', 'Presentasi proyek', '5025241018', 'ST0005'),
    ('PM0059', DATE '2026-03-04', TIMESTAMP '2026-03-07 13:00:00', TIMESTAMP '2026-03-07 15:00:00', 'Rapat kepanitiaan', '5025241019', 'ST0004'),
    ('PM0060', DATE '2026-03-05', TIMESTAMP '2026-03-08 15:00:00', TIMESTAMP '2026-03-08 17:00:00', 'Kuliah tamu', '5025241020', 'ST0001'),
    ('PM0061', DATE '2026-03-06', TIMESTAMP '2026-03-09 07:00:00', TIMESTAMP '2026-03-09 09:00:00', 'Rapat organisasi mahasiswa', '5025241021', 'ST0004'),
    ('PM0062', DATE '2026-03-07', TIMESTAMP '2026-03-10 09:00:00', TIMESTAMP '2026-03-10 11:00:00', 'Pelatihan perangkat lunak', '5025241022', 'ST0004'),
    ('PM0063', DATE '2026-03-08', TIMESTAMP '2026-03-11 11:00:00', TIMESTAMP '2026-03-11 13:00:00', 'Diskusi tugas akhir', '5025241023', 'ST0002'),
    ('PM0064', DATE '2026-03-09', TIMESTAMP '2026-03-12 13:00:00', TIMESTAMP '2026-03-12 15:00:00', 'Seminar akademik', '5025241024', 'ST0004'),
    ('PM0065', DATE '2026-03-10', TIMESTAMP '2026-03-13 15:00:00', TIMESTAMP '2026-03-13 17:00:00', 'Kelas pengayaan', '5025241025', 'ST0003'),
    ('PM0066', DATE '2026-03-11', TIMESTAMP '2026-03-14 07:00:00', TIMESTAMP '2026-03-14 09:00:00', 'Persiapan lomba mahasiswa', '5025241026', 'ST0004'),
    ('PM0067', DATE '2026-03-12', TIMESTAMP '2026-03-15 09:00:00', TIMESTAMP '2026-03-15 11:00:00', 'Lokakarya kepemimpinan', '5025241027', 'ST0002'),
    ('PM0068', DATE '2026-03-13', TIMESTAMP '2026-03-16 11:00:00', TIMESTAMP '2026-03-16 13:00:00', 'Presentasi proyek', '5025241028', 'ST0005'),
    ('PM0069', DATE '2026-03-14', TIMESTAMP '2026-03-17 13:00:00', TIMESTAMP '2026-03-17 15:00:00', 'Rapat kepanitiaan', '5025241029', 'ST0004'),
    ('PM0070', DATE '2026-03-15', TIMESTAMP '2026-03-18 15:00:00', TIMESTAMP '2026-03-18 17:00:00', 'Kuliah tamu', '5025241030', 'ST0001'),
    ('PM0071', DATE '2026-03-16', TIMESTAMP '2026-03-19 07:00:00', TIMESTAMP '2026-03-19 09:00:00', 'Rapat organisasi mahasiswa', '5025241031', 'ST0004'),
    ('PM0072', DATE '2026-03-17', TIMESTAMP '2026-03-20 09:00:00', TIMESTAMP '2026-03-20 11:00:00', 'Pelatihan perangkat lunak', '5025241032', 'ST0004'),
    ('PM0073', DATE '2026-03-18', TIMESTAMP '2026-03-21 11:00:00', TIMESTAMP '2026-03-21 13:00:00', 'Diskusi tugas akhir', '5025241033', 'ST0002'),
    ('PM0074', DATE '2026-03-19', TIMESTAMP '2026-03-22 13:00:00', TIMESTAMP '2026-03-22 15:00:00', 'Seminar akademik', '5025241034', 'ST0004'),
    ('PM0075', DATE '2026-03-20', TIMESTAMP '2026-03-23 15:00:00', TIMESTAMP '2026-03-23 17:00:00', 'Kelas pengayaan', '5025241035', 'ST0003'),
    ('PM0076', DATE '2026-03-21', TIMESTAMP '2026-03-24 07:00:00', TIMESTAMP '2026-03-24 09:00:00', 'Persiapan lomba mahasiswa', '5025241036', 'ST0004'),
    ('PM0077', DATE '2026-03-22', TIMESTAMP '2026-03-25 09:00:00', TIMESTAMP '2026-03-25 11:00:00', 'Lokakarya kepemimpinan', '5025241037', 'ST0002'),
    ('PM0078', DATE '2026-03-23', TIMESTAMP '2026-03-26 11:00:00', TIMESTAMP '2026-03-26 13:00:00', 'Presentasi proyek', '5025241038', 'ST0005'),
    ('PM0079', DATE '2026-03-24', TIMESTAMP '2026-03-27 13:00:00', TIMESTAMP '2026-03-27 15:00:00', 'Rapat kepanitiaan', '5025241039', 'ST0004'),
    ('PM0080', DATE '2026-03-25', TIMESTAMP '2026-03-28 15:00:00', TIMESTAMP '2026-03-28 17:00:00', 'Kuliah tamu', '5025241040', 'ST0001'),
    ('PM0081', DATE '2026-03-26', TIMESTAMP '2026-03-29 07:00:00', TIMESTAMP '2026-03-29 09:00:00', 'Rapat organisasi mahasiswa', '5025241001', 'ST0004'),
    ('PM0082', DATE '2026-03-27', TIMESTAMP '2026-03-30 09:00:00', TIMESTAMP '2026-03-30 11:00:00', 'Pelatihan perangkat lunak', '5025241002', 'ST0004'),
    ('PM0083', DATE '2026-03-28', TIMESTAMP '2026-03-31 11:00:00', TIMESTAMP '2026-03-31 13:00:00', 'Diskusi tugas akhir', '5025241003', 'ST0002'),
    ('PM0084', DATE '2026-03-29', TIMESTAMP '2026-04-01 13:00:00', TIMESTAMP '2026-04-01 15:00:00', 'Seminar akademik', '5025241004', 'ST0004'),
    ('PM0085', DATE '2026-03-30', TIMESTAMP '2026-04-02 15:00:00', TIMESTAMP '2026-04-02 17:00:00', 'Kelas pengayaan', '5025241005', 'ST0003'),
    ('PM0086', DATE '2026-03-31', TIMESTAMP '2026-04-03 07:00:00', TIMESTAMP '2026-04-03 09:00:00', 'Persiapan lomba mahasiswa', '5025241006', 'ST0004'),
    ('PM0087', DATE '2026-04-01', TIMESTAMP '2026-04-04 09:00:00', TIMESTAMP '2026-04-04 11:00:00', 'Lokakarya kepemimpinan', '5025241007', 'ST0002'),
    ('PM0088', DATE '2026-04-02', TIMESTAMP '2026-04-05 11:00:00', TIMESTAMP '2026-04-05 13:00:00', 'Presentasi proyek', '5025241008', 'ST0005'),
    ('PM0089', DATE '2026-04-03', TIMESTAMP '2026-04-06 13:00:00', TIMESTAMP '2026-04-06 15:00:00', 'Rapat kepanitiaan', '5025241009', 'ST0004'),
    ('PM0090', DATE '2026-04-04', TIMESTAMP '2026-04-07 15:00:00', TIMESTAMP '2026-04-07 17:00:00', 'Kuliah tamu', '5025241010', 'ST0001'),
    ('PM0091', DATE '2026-04-05', TIMESTAMP '2026-04-08 07:00:00', TIMESTAMP '2026-04-08 09:00:00', 'Rapat organisasi mahasiswa', '5025241011', 'ST0004'),
    ('PM0092', DATE '2026-04-06', TIMESTAMP '2026-04-09 09:00:00', TIMESTAMP '2026-04-09 11:00:00', 'Pelatihan perangkat lunak', '5025241012', 'ST0004'),
    ('PM0093', DATE '2026-04-07', TIMESTAMP '2026-04-10 11:00:00', TIMESTAMP '2026-04-10 13:00:00', 'Diskusi tugas akhir', '5025241013', 'ST0002'),
    ('PM0094', DATE '2026-04-08', TIMESTAMP '2026-04-11 13:00:00', TIMESTAMP '2026-04-11 15:00:00', 'Seminar akademik', '5025241014', 'ST0004'),
    ('PM0095', DATE '2026-04-09', TIMESTAMP '2026-04-12 15:00:00', TIMESTAMP '2026-04-12 17:00:00', 'Kelas pengayaan', '5025241015', 'ST0003'),
    ('PM0096', DATE '2026-04-10', TIMESTAMP '2026-04-13 07:00:00', TIMESTAMP '2026-04-13 09:00:00', 'Persiapan lomba mahasiswa', '5025241016', 'ST0004'),
    ('PM0097', DATE '2026-04-11', TIMESTAMP '2026-04-14 09:00:00', TIMESTAMP '2026-04-14 11:00:00', 'Lokakarya kepemimpinan', '5025241017', 'ST0002'),
    ('PM0098', DATE '2026-04-12', TIMESTAMP '2026-04-15 11:00:00', TIMESTAMP '2026-04-15 13:00:00', 'Presentasi proyek', '5025241018', 'ST0005'),
    ('PM0099', DATE '2026-04-13', TIMESTAMP '2026-04-16 13:00:00', TIMESTAMP '2026-04-16 15:00:00', 'Rapat kepanitiaan', '5025241019', 'ST0004'),
    ('PM0100', DATE '2026-04-14', TIMESTAMP '2026-04-17 15:00:00', TIMESTAMP '2026-04-17 17:00:00', 'Kuliah tamu', '5025241020', 'ST0001');

-- Hardcoded room relationships for PM0001 through PM0100.
INSERT INTO Peminjaman_Ruangan (
    Peminjaman_id_peminjaman,
    Ruangan_id_ruangan
) VALUES
    ('PM0001', 'RNG00001'),
    ('PM0002', 'RNG00002'),
    ('PM0003', 'RNG00003'),
    ('PM0004', 'RNG00004'),
    ('PM0005', 'RNG00005'),
    ('PM0006', 'RNG00006'),
    ('PM0007', 'RNG00007'),
    ('PM0008', 'RNG00008'),
    ('PM0009', 'RNG00009'),
    ('PM0010', 'RNG00010'),
    ('PM0011', 'RNG00011'),
    ('PM0012', 'RNG00012'),
    ('PM0013', 'RNG00013'),
    ('PM0014', 'RNG00014'),
    ('PM0015', 'RNG00015'),
    ('PM0016', 'RNG00016'),
    ('PM0017', 'RNG00017'),
    ('PM0018', 'RNG00018'),
    ('PM0019', 'RNG00019'),
    ('PM0020', 'RNG00020'),
    ('PM0021', 'RNG00021'),
    ('PM0022', 'RNG00022'),
    ('PM0023', 'RNG00023'),
    ('PM0024', 'RNG00024'),
    ('PM0025', 'RNG00025'),
    ('PM0026', 'RNG00026'),
    ('PM0027', 'RNG00027'),
    ('PM0028', 'RNG00028'),
    ('PM0029', 'RNG00029'),
    ('PM0030', 'RNG00030'),
    ('PM0031', 'RNG00031'),
    ('PM0032', 'RNG00032'),
    ('PM0033', 'RNG00033'),
    ('PM0034', 'RNG00034'),
    ('PM0035', 'RNG00035'),
    ('PM0036', 'RNG00036'),
    ('PM0037', 'RNG00037'),
    ('PM0038', 'RNG00038'),
    ('PM0039', 'RNG00039'),
    ('PM0040', 'RNG00040'),
    ('PM0041', 'RNG00001'),
    ('PM0042', 'RNG00002'),
    ('PM0043', 'RNG00003'),
    ('PM0044', 'RNG00004'),
    ('PM0045', 'RNG00005'),
    ('PM0046', 'RNG00006'),
    ('PM0047', 'RNG00007'),
    ('PM0048', 'RNG00008'),
    ('PM0049', 'RNG00009'),
    ('PM0050', 'RNG00010'),
    ('PM0051', 'RNG00011'),
    ('PM0052', 'RNG00012'),
    ('PM0053', 'RNG00013'),
    ('PM0054', 'RNG00014'),
    ('PM0055', 'RNG00015'),
    ('PM0056', 'RNG00016'),
    ('PM0057', 'RNG00017'),
    ('PM0058', 'RNG00018'),
    ('PM0059', 'RNG00019'),
    ('PM0060', 'RNG00020'),
    ('PM0061', 'RNG00021'),
    ('PM0062', 'RNG00022'),
    ('PM0063', 'RNG00023'),
    ('PM0064', 'RNG00024'),
    ('PM0065', 'RNG00025'),
    ('PM0066', 'RNG00026'),
    ('PM0067', 'RNG00027'),
    ('PM0068', 'RNG00028'),
    ('PM0069', 'RNG00029'),
    ('PM0070', 'RNG00030'),
    ('PM0071', 'RNG00031'),
    ('PM0072', 'RNG00032'),
    ('PM0073', 'RNG00033'),
    ('PM0074', 'RNG00034'),
    ('PM0075', 'RNG00035'),
    ('PM0076', 'RNG00036'),
    ('PM0077', 'RNG00037'),
    ('PM0078', 'RNG00038'),
    ('PM0079', 'RNG00039'),
    ('PM0080', 'RNG00040'),
    ('PM0081', 'RNG00001'),
    ('PM0082', 'RNG00002'),
    ('PM0083', 'RNG00003'),
    ('PM0084', 'RNG00004'),
    ('PM0085', 'RNG00005'),
    ('PM0086', 'RNG00006'),
    ('PM0087', 'RNG00007'),
    ('PM0088', 'RNG00008'),
    ('PM0089', 'RNG00009'),
    ('PM0090', 'RNG00010'),
    ('PM0091', 'RNG00011'),
    ('PM0092', 'RNG00012'),
    ('PM0093', 'RNG00013'),
    ('PM0094', 'RNG00014'),
    ('PM0095', 'RNG00015'),
    ('PM0096', 'RNG00016'),
    ('PM0097', 'RNG00017'),
    ('PM0098', 'RNG00018'),
    ('PM0099', 'RNG00019'),
    ('PM0100', 'RNG00020'),
    ('PM0005', 'RNG00006'),
    ('PM0010', 'RNG00011'),
    ('PM0015', 'RNG00016'),
    ('PM0020', 'RNG00021'),
    ('PM0025', 'RNG00026'),
    ('PM0030', 'RNG00031'),
    ('PM0035', 'RNG00036'),
    ('PM0040', 'RNG00001'),
    ('PM0045', 'RNG00006'),
    ('PM0050', 'RNG00011'),
    ('PM0055', 'RNG00016'),
    ('PM0060', 'RNG00021'),
    ('PM0065', 'RNG00026'),
    ('PM0070', 'RNG00031'),
    ('PM0075', 'RNG00036'),
    ('PM0080', 'RNG00001'),
    ('PM0085', 'RNG00006'),
    ('PM0090', 'RNG00011'),
    ('PM0095', 'RNG00016'),
    ('PM0100', 'RNG00021');

-- 100 additional hardcoded transaction rows.
INSERT INTO Peminjaman (
    id_peminjaman,
    tanggal_pengajuan,
    detail_waktu_mulai,
    detail_waktu_selesai,
    keperluan,
    Mahasiswa_nrp,
    StatusPeminjaman_id_statuspeminjaman
) VALUES
    ('PM0101', DATE '2026-03-27', TIMESTAMP '2026-04-01 08:00:00', TIMESTAMP '2026-04-01 10:00:00', 'Rapat koordinasi himpunan', '5025241001', 'ST0004'),
    ('PM0102', DATE '2026-03-28', TIMESTAMP '2026-04-02 10:00:00', TIMESTAMP '2026-04-02 12:00:00', 'Seminar proposal mahasiswa', '5025241002', 'ST0002'),
    ('PM0103', DATE '2026-03-29', TIMESTAMP '2026-04-03 12:00:00', TIMESTAMP '2026-04-03 14:00:00', 'Pelatihan desain presentasi', '5025241003', 'ST0003'),
    ('PM0104', DATE '2026-03-30', TIMESTAMP '2026-04-04 14:00:00', TIMESTAMP '2026-04-04 16:00:00', 'Diskusi kelompok riset', '5025241004', 'ST0004'),
    ('PM0105', DATE '2026-03-31', TIMESTAMP '2026-04-05 08:00:00', TIMESTAMP '2026-04-05 10:00:00', 'Sosialisasi program kampus', '5025241005', 'ST0001'),
    ('PM0106', DATE '2026-04-01', TIMESTAMP '2026-04-06 10:00:00', TIMESTAMP '2026-04-06 12:00:00', 'Lokakarya penulisan ilmiah', '5025241006', 'ST0004'),
    ('PM0107', DATE '2026-04-02', TIMESTAMP '2026-04-07 12:00:00', TIMESTAMP '2026-04-07 14:00:00', 'Presentasi kemajuan proyek', '5025241007', 'ST0002'),
    ('PM0108', DATE '2026-04-03', TIMESTAMP '2026-04-08 14:00:00', TIMESTAMP '2026-04-08 16:00:00', 'Rapat evaluasi kepanitiaan', '5025241008', 'ST0005'),
    ('PM0109', DATE '2026-04-04', TIMESTAMP '2026-04-09 08:00:00', TIMESTAMP '2026-04-09 10:00:00', 'Kelas persiapan kompetisi', '5025241009', 'ST0004'),
    ('PM0110', DATE '2026-04-05', TIMESTAMP '2026-04-10 10:00:00', TIMESTAMP '2026-04-10 12:00:00', 'Kuliah tamu industri', '5025241010', 'ST0002'),
    ('PM0111', DATE '2026-04-06', TIMESTAMP '2026-04-11 12:00:00', TIMESTAMP '2026-04-11 14:00:00', 'Rapat koordinasi himpunan', '5025241011', 'ST0004'),
    ('PM0112', DATE '2026-04-07', TIMESTAMP '2026-04-12 14:00:00', TIMESTAMP '2026-04-12 16:00:00', 'Seminar proposal mahasiswa', '5025241012', 'ST0002'),
    ('PM0113', DATE '2026-04-08', TIMESTAMP '2026-04-13 08:00:00', TIMESTAMP '2026-04-13 10:00:00', 'Pelatihan desain presentasi', '5025241013', 'ST0003'),
    ('PM0114', DATE '2026-04-09', TIMESTAMP '2026-04-14 10:00:00', TIMESTAMP '2026-04-14 12:00:00', 'Diskusi kelompok riset', '5025241014', 'ST0004'),
    ('PM0115', DATE '2026-04-10', TIMESTAMP '2026-04-15 12:00:00', TIMESTAMP '2026-04-15 14:00:00', 'Sosialisasi program kampus', '5025241015', 'ST0001'),
    ('PM0116', DATE '2026-04-11', TIMESTAMP '2026-04-16 14:00:00', TIMESTAMP '2026-04-16 16:00:00', 'Lokakarya penulisan ilmiah', '5025241016', 'ST0004'),
    ('PM0117', DATE '2026-04-12', TIMESTAMP '2026-04-17 08:00:00', TIMESTAMP '2026-04-17 10:00:00', 'Presentasi kemajuan proyek', '5025241017', 'ST0002'),
    ('PM0118', DATE '2026-04-13', TIMESTAMP '2026-04-18 10:00:00', TIMESTAMP '2026-04-18 12:00:00', 'Rapat evaluasi kepanitiaan', '5025241018', 'ST0005'),
    ('PM0119', DATE '2026-04-14', TIMESTAMP '2026-04-19 12:00:00', TIMESTAMP '2026-04-19 14:00:00', 'Kelas persiapan kompetisi', '5025241019', 'ST0004'),
    ('PM0120', DATE '2026-04-15', TIMESTAMP '2026-04-20 14:00:00', TIMESTAMP '2026-04-20 16:00:00', 'Kuliah tamu industri', '5025241020', 'ST0002'),
    ('PM0121', DATE '2026-04-16', TIMESTAMP '2026-04-21 08:00:00', TIMESTAMP '2026-04-21 10:00:00', 'Rapat koordinasi himpunan', '5025241021', 'ST0004'),
    ('PM0122', DATE '2026-04-17', TIMESTAMP '2026-04-22 10:00:00', TIMESTAMP '2026-04-22 12:00:00', 'Seminar proposal mahasiswa', '5025241022', 'ST0002'),
    ('PM0123', DATE '2026-04-18', TIMESTAMP '2026-04-23 12:00:00', TIMESTAMP '2026-04-23 14:00:00', 'Pelatihan desain presentasi', '5025241023', 'ST0003'),
    ('PM0124', DATE '2026-04-19', TIMESTAMP '2026-04-24 14:00:00', TIMESTAMP '2026-04-24 16:00:00', 'Diskusi kelompok riset', '5025241024', 'ST0004'),
    ('PM0125', DATE '2026-04-20', TIMESTAMP '2026-04-25 08:00:00', TIMESTAMP '2026-04-25 10:00:00', 'Sosialisasi program kampus', '5025241025', 'ST0001'),
    ('PM0126', DATE '2026-04-21', TIMESTAMP '2026-04-26 10:00:00', TIMESTAMP '2026-04-26 12:00:00', 'Lokakarya penulisan ilmiah', '5025241026', 'ST0004'),
    ('PM0127', DATE '2026-04-22', TIMESTAMP '2026-04-27 12:00:00', TIMESTAMP '2026-04-27 14:00:00', 'Presentasi kemajuan proyek', '5025241027', 'ST0002'),
    ('PM0128', DATE '2026-04-23', TIMESTAMP '2026-04-28 14:00:00', TIMESTAMP '2026-04-28 16:00:00', 'Rapat evaluasi kepanitiaan', '5025241028', 'ST0005'),
    ('PM0129', DATE '2026-04-24', TIMESTAMP '2026-04-29 08:00:00', TIMESTAMP '2026-04-29 10:00:00', 'Kelas persiapan kompetisi', '5025241029', 'ST0004'),
    ('PM0130', DATE '2026-04-25', TIMESTAMP '2026-04-30 10:00:00', TIMESTAMP '2026-04-30 12:00:00', 'Kuliah tamu industri', '5025241030', 'ST0002'),
    ('PM0131', DATE '2026-04-26', TIMESTAMP '2026-05-01 12:00:00', TIMESTAMP '2026-05-01 14:00:00', 'Rapat koordinasi himpunan', '5025241031', 'ST0004'),
    ('PM0132', DATE '2026-04-27', TIMESTAMP '2026-05-02 14:00:00', TIMESTAMP '2026-05-02 16:00:00', 'Seminar proposal mahasiswa', '5025241032', 'ST0002'),
    ('PM0133', DATE '2026-04-28', TIMESTAMP '2026-05-03 08:00:00', TIMESTAMP '2026-05-03 10:00:00', 'Pelatihan desain presentasi', '5025241033', 'ST0003'),
    ('PM0134', DATE '2026-04-29', TIMESTAMP '2026-05-04 10:00:00', TIMESTAMP '2026-05-04 12:00:00', 'Diskusi kelompok riset', '5025241034', 'ST0004'),
    ('PM0135', DATE '2026-04-30', TIMESTAMP '2026-05-05 12:00:00', TIMESTAMP '2026-05-05 14:00:00', 'Sosialisasi program kampus', '5025241035', 'ST0001'),
    ('PM0136', DATE '2026-05-01', TIMESTAMP '2026-05-06 14:00:00', TIMESTAMP '2026-05-06 16:00:00', 'Lokakarya penulisan ilmiah', '5025241036', 'ST0004'),
    ('PM0137', DATE '2026-05-02', TIMESTAMP '2026-05-07 08:00:00', TIMESTAMP '2026-05-07 10:00:00', 'Presentasi kemajuan proyek', '5025241037', 'ST0002'),
    ('PM0138', DATE '2026-05-03', TIMESTAMP '2026-05-08 10:00:00', TIMESTAMP '2026-05-08 12:00:00', 'Rapat evaluasi kepanitiaan', '5025241038', 'ST0005'),
    ('PM0139', DATE '2026-05-04', TIMESTAMP '2026-05-09 12:00:00', TIMESTAMP '2026-05-09 14:00:00', 'Kelas persiapan kompetisi', '5025241039', 'ST0004'),
    ('PM0140', DATE '2026-05-05', TIMESTAMP '2026-05-10 14:00:00', TIMESTAMP '2026-05-10 16:00:00', 'Kuliah tamu industri', '5025241040', 'ST0002'),
    ('PM0141', DATE '2026-05-06', TIMESTAMP '2026-05-11 08:00:00', TIMESTAMP '2026-05-11 10:00:00', 'Rapat koordinasi himpunan', '5025241001', 'ST0004'),
    ('PM0142', DATE '2026-05-07', TIMESTAMP '2026-05-12 10:00:00', TIMESTAMP '2026-05-12 12:00:00', 'Seminar proposal mahasiswa', '5025241002', 'ST0002'),
    ('PM0143', DATE '2026-05-08', TIMESTAMP '2026-05-13 12:00:00', TIMESTAMP '2026-05-13 14:00:00', 'Pelatihan desain presentasi', '5025241003', 'ST0003'),
    ('PM0144', DATE '2026-05-09', TIMESTAMP '2026-05-14 14:00:00', TIMESTAMP '2026-05-14 16:00:00', 'Diskusi kelompok riset', '5025241004', 'ST0004'),
    ('PM0145', DATE '2026-05-10', TIMESTAMP '2026-05-15 08:00:00', TIMESTAMP '2026-05-15 10:00:00', 'Sosialisasi program kampus', '5025241005', 'ST0001'),
    ('PM0146', DATE '2026-05-11', TIMESTAMP '2026-05-16 10:00:00', TIMESTAMP '2026-05-16 12:00:00', 'Lokakarya penulisan ilmiah', '5025241006', 'ST0004'),
    ('PM0147', DATE '2026-05-12', TIMESTAMP '2026-05-17 12:00:00', TIMESTAMP '2026-05-17 14:00:00', 'Presentasi kemajuan proyek', '5025241007', 'ST0002'),
    ('PM0148', DATE '2026-05-13', TIMESTAMP '2026-05-18 14:00:00', TIMESTAMP '2026-05-18 16:00:00', 'Rapat evaluasi kepanitiaan', '5025241008', 'ST0005'),
    ('PM0149', DATE '2026-05-14', TIMESTAMP '2026-05-19 08:00:00', TIMESTAMP '2026-05-19 10:00:00', 'Kelas persiapan kompetisi', '5025241009', 'ST0004'),
    ('PM0150', DATE '2026-05-15', TIMESTAMP '2026-05-20 10:00:00', TIMESTAMP '2026-05-20 12:00:00', 'Kuliah tamu industri', '5025241010', 'ST0002'),
    ('PM0151', DATE '2026-05-16', TIMESTAMP '2026-05-21 12:00:00', TIMESTAMP '2026-05-21 14:00:00', 'Rapat koordinasi himpunan', '5025241011', 'ST0004'),
    ('PM0152', DATE '2026-05-17', TIMESTAMP '2026-05-22 14:00:00', TIMESTAMP '2026-05-22 16:00:00', 'Seminar proposal mahasiswa', '5025241012', 'ST0002'),
    ('PM0153', DATE '2026-05-18', TIMESTAMP '2026-05-23 08:00:00', TIMESTAMP '2026-05-23 10:00:00', 'Pelatihan desain presentasi', '5025241013', 'ST0003'),
    ('PM0154', DATE '2026-05-19', TIMESTAMP '2026-05-24 10:00:00', TIMESTAMP '2026-05-24 12:00:00', 'Diskusi kelompok riset', '5025241014', 'ST0004'),
    ('PM0155', DATE '2026-05-20', TIMESTAMP '2026-05-25 12:00:00', TIMESTAMP '2026-05-25 14:00:00', 'Sosialisasi program kampus', '5025241015', 'ST0001'),
    ('PM0156', DATE '2026-05-21', TIMESTAMP '2026-05-26 14:00:00', TIMESTAMP '2026-05-26 16:00:00', 'Lokakarya penulisan ilmiah', '5025241016', 'ST0004'),
    ('PM0157', DATE '2026-05-22', TIMESTAMP '2026-05-27 08:00:00', TIMESTAMP '2026-05-27 10:00:00', 'Presentasi kemajuan proyek', '5025241017', 'ST0002'),
    ('PM0158', DATE '2026-05-23', TIMESTAMP '2026-05-28 10:00:00', TIMESTAMP '2026-05-28 12:00:00', 'Rapat evaluasi kepanitiaan', '5025241018', 'ST0005'),
    ('PM0159', DATE '2026-05-24', TIMESTAMP '2026-05-29 12:00:00', TIMESTAMP '2026-05-29 14:00:00', 'Kelas persiapan kompetisi', '5025241019', 'ST0004'),
    ('PM0160', DATE '2026-05-25', TIMESTAMP '2026-05-30 14:00:00', TIMESTAMP '2026-05-30 16:00:00', 'Kuliah tamu industri', '5025241020', 'ST0002'),
    ('PM0161', DATE '2026-05-26', TIMESTAMP '2026-05-31 08:00:00', TIMESTAMP '2026-05-31 10:00:00', 'Rapat koordinasi himpunan', '5025241021', 'ST0004'),
    ('PM0162', DATE '2026-05-27', TIMESTAMP '2026-06-01 10:00:00', TIMESTAMP '2026-06-01 12:00:00', 'Seminar proposal mahasiswa', '5025241022', 'ST0002'),
    ('PM0163', DATE '2026-05-28', TIMESTAMP '2026-06-02 12:00:00', TIMESTAMP '2026-06-02 14:00:00', 'Pelatihan desain presentasi', '5025241023', 'ST0003'),
    ('PM0164', DATE '2026-05-29', TIMESTAMP '2026-06-03 14:00:00', TIMESTAMP '2026-06-03 16:00:00', 'Diskusi kelompok riset', '5025241024', 'ST0004'),
    ('PM0165', DATE '2026-05-30', TIMESTAMP '2026-06-04 08:00:00', TIMESTAMP '2026-06-04 10:00:00', 'Sosialisasi program kampus', '5025241025', 'ST0001'),
    ('PM0166', DATE '2026-05-31', TIMESTAMP '2026-06-05 10:00:00', TIMESTAMP '2026-06-05 12:00:00', 'Lokakarya penulisan ilmiah', '5025241026', 'ST0004'),
    ('PM0167', DATE '2026-06-01', TIMESTAMP '2026-06-06 12:00:00', TIMESTAMP '2026-06-06 14:00:00', 'Presentasi kemajuan proyek', '5025241027', 'ST0002'),
    ('PM0168', DATE '2026-06-02', TIMESTAMP '2026-06-07 14:00:00', TIMESTAMP '2026-06-07 16:00:00', 'Rapat evaluasi kepanitiaan', '5025241028', 'ST0005'),
    ('PM0169', DATE '2026-06-03', TIMESTAMP '2026-06-08 08:00:00', TIMESTAMP '2026-06-08 10:00:00', 'Kelas persiapan kompetisi', '5025241029', 'ST0004'),
    ('PM0170', DATE '2026-06-04', TIMESTAMP '2026-06-09 10:00:00', TIMESTAMP '2026-06-09 12:00:00', 'Kuliah tamu industri', '5025241030', 'ST0002'),
    ('PM0171', DATE '2026-06-05', TIMESTAMP '2026-06-10 12:00:00', TIMESTAMP '2026-06-10 14:00:00', 'Rapat koordinasi himpunan', '5025241031', 'ST0004'),
    ('PM0172', DATE '2026-06-06', TIMESTAMP '2026-06-11 14:00:00', TIMESTAMP '2026-06-11 16:00:00', 'Seminar proposal mahasiswa', '5025241032', 'ST0002'),
    ('PM0173', DATE '2026-06-07', TIMESTAMP '2026-06-12 08:00:00', TIMESTAMP '2026-06-12 10:00:00', 'Pelatihan desain presentasi', '5025241033', 'ST0003'),
    ('PM0174', DATE '2026-06-08', TIMESTAMP '2026-06-13 10:00:00', TIMESTAMP '2026-06-13 12:00:00', 'Diskusi kelompok riset', '5025241034', 'ST0004'),
    ('PM0175', DATE '2026-06-09', TIMESTAMP '2026-06-14 12:00:00', TIMESTAMP '2026-06-14 14:00:00', 'Sosialisasi program kampus', '5025241035', 'ST0001'),
    ('PM0176', DATE '2026-06-10', TIMESTAMP '2026-06-15 14:00:00', TIMESTAMP '2026-06-15 16:00:00', 'Lokakarya penulisan ilmiah', '5025241036', 'ST0004'),
    ('PM0177', DATE '2026-06-11', TIMESTAMP '2026-06-16 08:00:00', TIMESTAMP '2026-06-16 10:00:00', 'Presentasi kemajuan proyek', '5025241037', 'ST0002'),
    ('PM0178', DATE '2026-06-12', TIMESTAMP '2026-06-17 10:00:00', TIMESTAMP '2026-06-17 12:00:00', 'Rapat evaluasi kepanitiaan', '5025241038', 'ST0005'),
    ('PM0179', DATE '2026-06-13', TIMESTAMP '2026-06-18 12:00:00', TIMESTAMP '2026-06-18 14:00:00', 'Kelas persiapan kompetisi', '5025241039', 'ST0004'),
    ('PM0180', DATE '2026-06-14', TIMESTAMP '2026-06-19 14:00:00', TIMESTAMP '2026-06-19 16:00:00', 'Kuliah tamu industri', '5025241040', 'ST0002'),
    ('PM0181', DATE '2026-06-15', TIMESTAMP '2026-06-20 08:00:00', TIMESTAMP '2026-06-20 10:00:00', 'Rapat koordinasi himpunan', '5025241001', 'ST0004'),
    ('PM0182', DATE '2026-06-16', TIMESTAMP '2026-06-21 10:00:00', TIMESTAMP '2026-06-21 12:00:00', 'Seminar proposal mahasiswa', '5025241002', 'ST0002'),
    ('PM0183', DATE '2026-06-17', TIMESTAMP '2026-06-22 12:00:00', TIMESTAMP '2026-06-22 14:00:00', 'Pelatihan desain presentasi', '5025241003', 'ST0003'),
    ('PM0184', DATE '2026-06-18', TIMESTAMP '2026-06-23 14:00:00', TIMESTAMP '2026-06-23 16:00:00', 'Diskusi kelompok riset', '5025241004', 'ST0004'),
    ('PM0185', DATE '2026-06-19', TIMESTAMP '2026-06-24 08:00:00', TIMESTAMP '2026-06-24 10:00:00', 'Sosialisasi program kampus', '5025241005', 'ST0001'),
    ('PM0186', DATE '2026-06-20', TIMESTAMP '2026-06-25 10:00:00', TIMESTAMP '2026-06-25 12:00:00', 'Lokakarya penulisan ilmiah', '5025241006', 'ST0004'),
    ('PM0187', DATE '2026-06-21', TIMESTAMP '2026-06-26 12:00:00', TIMESTAMP '2026-06-26 14:00:00', 'Presentasi kemajuan proyek', '5025241007', 'ST0002'),
    ('PM0188', DATE '2026-06-22', TIMESTAMP '2026-06-27 14:00:00', TIMESTAMP '2026-06-27 16:00:00', 'Rapat evaluasi kepanitiaan', '5025241008', 'ST0005'),
    ('PM0189', DATE '2026-06-23', TIMESTAMP '2026-06-28 08:00:00', TIMESTAMP '2026-06-28 10:00:00', 'Kelas persiapan kompetisi', '5025241009', 'ST0004'),
    ('PM0190', DATE '2026-06-24', TIMESTAMP '2026-06-29 10:00:00', TIMESTAMP '2026-06-29 12:00:00', 'Kuliah tamu industri', '5025241010', 'ST0002'),
    ('PM0191', DATE '2026-06-25', TIMESTAMP '2026-06-30 12:00:00', TIMESTAMP '2026-06-30 14:00:00', 'Rapat koordinasi himpunan', '5025241011', 'ST0004'),
    ('PM0192', DATE '2026-06-26', TIMESTAMP '2026-07-01 14:00:00', TIMESTAMP '2026-07-01 16:00:00', 'Seminar proposal mahasiswa', '5025241012', 'ST0002'),
    ('PM0193', DATE '2026-06-27', TIMESTAMP '2026-07-02 08:00:00', TIMESTAMP '2026-07-02 10:00:00', 'Pelatihan desain presentasi', '5025241013', 'ST0003'),
    ('PM0194', DATE '2026-06-28', TIMESTAMP '2026-07-03 10:00:00', TIMESTAMP '2026-07-03 12:00:00', 'Diskusi kelompok riset', '5025241014', 'ST0004'),
    ('PM0195', DATE '2026-06-29', TIMESTAMP '2026-07-04 12:00:00', TIMESTAMP '2026-07-04 14:00:00', 'Sosialisasi program kampus', '5025241015', 'ST0001'),
    ('PM0196', DATE '2026-06-30', TIMESTAMP '2026-07-05 14:00:00', TIMESTAMP '2026-07-05 16:00:00', 'Lokakarya penulisan ilmiah', '5025241016', 'ST0004'),
    ('PM0197', DATE '2026-07-01', TIMESTAMP '2026-07-06 08:00:00', TIMESTAMP '2026-07-06 10:00:00', 'Presentasi kemajuan proyek', '5025241017', 'ST0002'),
    ('PM0198', DATE '2026-07-02', TIMESTAMP '2026-07-07 10:00:00', TIMESTAMP '2026-07-07 12:00:00', 'Rapat evaluasi kepanitiaan', '5025241018', 'ST0005'),
    ('PM0199', DATE '2026-07-03', TIMESTAMP '2026-07-08 12:00:00', TIMESTAMP '2026-07-08 14:00:00', 'Kelas persiapan kompetisi', '5025241019', 'ST0004'),
    ('PM0200', DATE '2026-07-04', TIMESTAMP '2026-07-09 14:00:00', TIMESTAMP '2026-07-09 16:00:00', 'Kuliah tamu industri', '5025241020', 'ST0002');

-- Hardcoded room relationships for PM0101 through PM0200.
INSERT INTO Peminjaman_Ruangan (
    Peminjaman_id_peminjaman,
    Ruangan_id_ruangan
) VALUES
    ('PM0101', 'RNG00001'),
    ('PM0102', 'RNG00002'),
    ('PM0103', 'RNG00003'),
    ('PM0104', 'RNG00004'),
    ('PM0105', 'RNG00005'),
    ('PM0106', 'RNG00006'),
    ('PM0107', 'RNG00007'),
    ('PM0108', 'RNG00008'),
    ('PM0109', 'RNG00009'),
    ('PM0110', 'RNG00010'),
    ('PM0111', 'RNG00011'),
    ('PM0112', 'RNG00012'),
    ('PM0113', 'RNG00013'),
    ('PM0114', 'RNG00014'),
    ('PM0115', 'RNG00015'),
    ('PM0116', 'RNG00016'),
    ('PM0117', 'RNG00017'),
    ('PM0118', 'RNG00018'),
    ('PM0119', 'RNG00019'),
    ('PM0120', 'RNG00020'),
    ('PM0121', 'RNG00021'),
    ('PM0122', 'RNG00022'),
    ('PM0123', 'RNG00023'),
    ('PM0124', 'RNG00024'),
    ('PM0125', 'RNG00025'),
    ('PM0126', 'RNG00026'),
    ('PM0127', 'RNG00027'),
    ('PM0128', 'RNG00028'),
    ('PM0129', 'RNG00029'),
    ('PM0130', 'RNG00030'),
    ('PM0131', 'RNG00031'),
    ('PM0132', 'RNG00032'),
    ('PM0133', 'RNG00033'),
    ('PM0134', 'RNG00034'),
    ('PM0135', 'RNG00035'),
    ('PM0136', 'RNG00036'),
    ('PM0137', 'RNG00037'),
    ('PM0138', 'RNG00038'),
    ('PM0139', 'RNG00039'),
    ('PM0140', 'RNG00040'),
    ('PM0141', 'RNG00001'),
    ('PM0142', 'RNG00002'),
    ('PM0143', 'RNG00003'),
    ('PM0144', 'RNG00004'),
    ('PM0145', 'RNG00005'),
    ('PM0146', 'RNG00006'),
    ('PM0147', 'RNG00007'),
    ('PM0148', 'RNG00008'),
    ('PM0149', 'RNG00009'),
    ('PM0150', 'RNG00010'),
    ('PM0151', 'RNG00011'),
    ('PM0152', 'RNG00012'),
    ('PM0153', 'RNG00013'),
    ('PM0154', 'RNG00014'),
    ('PM0155', 'RNG00015'),
    ('PM0156', 'RNG00016'),
    ('PM0157', 'RNG00017'),
    ('PM0158', 'RNG00018'),
    ('PM0159', 'RNG00019'),
    ('PM0160', 'RNG00020'),
    ('PM0161', 'RNG00021'),
    ('PM0162', 'RNG00022'),
    ('PM0163', 'RNG00023'),
    ('PM0164', 'RNG00024'),
    ('PM0165', 'RNG00025'),
    ('PM0166', 'RNG00026'),
    ('PM0167', 'RNG00027'),
    ('PM0168', 'RNG00028'),
    ('PM0169', 'RNG00029'),
    ('PM0170', 'RNG00030'),
    ('PM0171', 'RNG00031'),
    ('PM0172', 'RNG00032'),
    ('PM0173', 'RNG00033'),
    ('PM0174', 'RNG00034'),
    ('PM0175', 'RNG00035'),
    ('PM0176', 'RNG00036'),
    ('PM0177', 'RNG00037'),
    ('PM0178', 'RNG00038'),
    ('PM0179', 'RNG00039'),
    ('PM0180', 'RNG00040'),
    ('PM0181', 'RNG00001'),
    ('PM0182', 'RNG00002'),
    ('PM0183', 'RNG00003'),
    ('PM0184', 'RNG00004'),
    ('PM0185', 'RNG00005'),
    ('PM0186', 'RNG00006'),
    ('PM0187', 'RNG00007'),
    ('PM0188', 'RNG00008'),
    ('PM0189', 'RNG00009'),
    ('PM0190', 'RNG00010'),
    ('PM0191', 'RNG00011'),
    ('PM0192', 'RNG00012'),
    ('PM0193', 'RNG00013'),
    ('PM0194', 'RNG00014'),
    ('PM0195', 'RNG00015'),
    ('PM0196', 'RNG00016'),
    ('PM0197', 'RNG00017'),
    ('PM0198', 'RNG00018'),
    ('PM0199', 'RNG00019'),
    ('PM0200', 'RNG00020');

COMMIT;
